{"brightness": 0.7366666666666667, "audio": 0.6066666666666667, "money": 1280}